INSERT INTO Commands (c_name, c_town) VALUES ('Зенит', 'СПб')             
INSERT INTO Commands (c_name, c_town) VALUES ('Спартак', 'Москва')
INSERT INTO Commands (c_name, c_town) VALUES ('Динамо', 'Москва')
INSERT INTO Commands (c_name, c_town) VALUES ('Рубин', 'Казань')
INSERT INTO Commands (c_name, c_town) VALUES ('Амкар', 'Пермь')             
INSERT INTO Commands (c_name, c_town) VALUES ('Ростов', 'Ростов-На-Дону')
INSERT INTO Commands (c_name, c_town) VALUES ('Кубань', 'Краснодар')
INSERT INTO Commands (c_name, c_town) VALUES ('Москва', 'Москва')
INSERT INTO Commands (c_name, c_town) VALUES ('Локомотив', 'Москва')
INSERT INTO Commands (c_name, c_town) VALUES ('Химки', 'Химки')             
INSERT INTO Commands (c_name, c_town) VALUES ('Крылья Советов', 'Самара')
INSERT INTO Commands (c_name, c_town) VALUES ('Томь', 'Томск')
INSERT INTO Commands (c_name, c_town) VALUES ('ЦСКА', 'Москва')
INSERT INTO Commands (c_name, c_town) VALUES ('Спартак Нч', 'Нальчик')
INSERT INTO Commands (c_name, c_town) VALUES ('Терек', 'Грозный')           
INSERT INTO Commands (c_name, c_town) VALUES ('Сатурн', 'Раменское')

INSERT INTO Player_list (p_name,c_id) VALUES ('Быстров',1) 
INSERT INTO Player_list (p_name,c_id) VALUES ('Анюков',1)
INSERT INTO Player_list (p_name,c_id) VALUES ('Ширл',1)
INSERT INTO Player_list (p_name,c_id) VALUES ('Денисов',1)
INSERT INTO Player_list (p_name,c_id) VALUES ('Домингес',4)  
INSERT INTO Player_list (p_name,c_id) VALUES ('Кержаков',3)
INSERT INTO Player_list (p_name,c_id) VALUES ('Глушаков',9)
INSERT INTO Player_list (p_name,c_id) VALUES ('Йованович',10) 
INSERT INTO Player_list (p_name,c_id) VALUES ('Бухаров',4)
INSERT INTO Player_list (p_name,c_id) VALUES ('Семак',4)     
INSERT INTO Player_list (p_name,c_id) VALUES ('Погребняк',1)
INSERT INTO Player_list (p_name,c_id) VALUES ('Саенко',2)
INSERT INTO Player_list (p_name,c_id) VALUES ('Савин',11)
INSERT INTO Player_list (p_name,c_id) VALUES ('Дзагоев',13)   
INSERT INTO Player_list (p_name,c_id) VALUES ('Игнашевич',13)
INSERT INTO Player_list (p_name,c_id) VALUES ('Клебер',15)
INSERT INTO Player_list (p_name,c_id) VALUES ('Бородин',1)
INSERT INTO Player_list (p_name,c_id) VALUES ('Коллер',11)
INSERT INTO Player_list (p_name,c_id) VALUES ('Траоре',7)
INSERT INTO Player_list (p_name,c_id) VALUES ('Кокорин',3)
INSERT INTO Player_list (p_name,c_id) VALUES ('Димидко',3)
INSERT INTO Player_list (p_name,c_id) VALUES ('Низамутдинов',10)  
INSERT INTO Player_list (p_name,c_id) VALUES ('Крижанац',1)
INSERT INTO Player_list (p_name,c_id) VALUES ('Текке',1)
INSERT INTO Player_list (p_name,c_id) VALUES ('Топич',16)
INSERT INTO Player_list (p_name,c_id) VALUES ('Петрович',6)
INSERT INTO Player_list (p_name,c_id) VALUES ('Мазнов',12)

INSERT INTO Matchs (first_c, first_score, second_c, second_score, data) VALUES (5,0,6,0,'2009-03-14 12:00:00')
INSERT INTO Matchs (first_c, first_score, second_c, second_score, data) VALUES (3,1,8,0,'2009-03-14 14:15:00')
INSERT INTO Matchs (first_c, first_score, second_c, second_score, data) VALUES (9,1,10,1,'2009-03-14 16:30:00')
INSERT INTO Matchs (first_c, first_score, second_c, second_score, data) VALUES (4,3,7,0,'2009-03-14 19:00:00')
INSERT INTO Matchs (first_c, first_score, second_c, second_score, data) VALUES (1,1,2,1,'2009-03-15 14:00:00')  
INSERT INTO Matchs (first_c, first_score, second_c, second_score, data) VALUES (12,0,11,1,'2009-03-15 16:00:00')
INSERT INTO Matchs (first_c, first_score, second_c, second_score, data) VALUES (16,0,13,3,'2009-03-15 16:00:00')
INSERT INTO Matchs (first_c, first_score, second_c, second_score, data) VALUES (15,1,14,0,'2009-03-15 16:00:00')
INSERT INTO Matchs (first_c, first_score, second_c, second_score, data) VALUES (11,1,5,0,'2009-03-21 13:00:00')
INSERT INTO Matchs (first_c, first_score, second_c, second_score, data) VALUES (7,1,2,0,'2009-03-21 14:00:00')
INSERT INTO Matchs (first_c, first_score, second_c, second_score, data) VALUES (3,3,10,2,'2009-03-21 14:00:00')
INSERT INTO Matchs (first_c, first_score, second_c, second_score, data) VALUES (8,0,15,0,'2009-03-21 17:30:00')
INSERT INTO Matchs (first_c, first_score, second_c, second_score, data) VALUES (1,2,16,1,'2009-03-22 14:00:00')
INSERT INTO Matchs (first_c, first_score, second_c, second_score, data) VALUES (14,0,4,0,'2009-03-22 16:30:00')
INSERT INTO Matchs (first_c, first_score, second_c, second_score, data) VALUES (6,1,9,1,'2009-03-22 19:00:00')
INSERT INTO Matchs (first_c, first_score, second_c, second_score, data) VALUES (13,0,12,1,'2009-03-23 19:00:00')

INSERT INTO Goals (p_id,m_id) VALUES (6, 2)
INSERT INTO Goals (p_id,m_id) VALUES (7, 3)
INSERT INTO Goals (p_id,m_id) VALUES (8, 3)
INSERT INTO Goals (p_id,m_id) VALUES (9, 4)
INSERT INTO Goals (p_id,m_id) VALUES (9, 4) 
INSERT INTO Goals (p_id,m_id) VALUES (10, 4)
INSERT INTO Goals (p_id,m_id) VALUES (11, 5)
INSERT INTO Goals (p_id,m_id) VALUES (12, 5)
INSERT INTO Goals (p_id,m_id) VALUES (13, 6)
INSERT INTO Goals (p_id,m_id) VALUES (14, 7)  
INSERT INTO Goals (p_id,m_id) VALUES (15, 7)
INSERT INTO Goals (p_id,m_id) VALUES (15, 7)
INSERT INTO Goals (p_id,m_id) VALUES (16, 8)
INSERT INTO Goals (p_id,m_id) VALUES (18, 9)
INSERT INTO Goals (p_id,m_id) VALUES (19, 10)
INSERT INTO Goals (p_id,m_id) VALUES (20, 11)
INSERT INTO Goals (p_id,m_id) VALUES (6, 11)
INSERT INTO Goals (p_id,m_id) VALUES (21, 11)
INSERT INTO Goals (p_id,m_id) VALUES (8, 11)
INSERT INTO Goals (p_id,m_id) VALUES (22, 11)
INSERT INTO Goals (p_id,m_id) VALUES (23, 13)
INSERT INTO Goals (p_id,m_id) VALUES (24, 13)
INSERT INTO Goals (p_id,m_id) VALUES (25, 13)
INSERT INTO Goals (p_id,m_id) VALUES (26, 15)
INSERT INTO Goals (p_id,m_id) VALUES (7, 15)
INSERT INTO Goals (p_id,m_id) VALUES (27, 16)

INSERT INTO Stadions (c_id, s_name) VALUES (1,'Петровский')
INSERT INTO Stadions (c_id, s_name) VALUES (2,'Лужники')
INSERT INTO Stadions (c_id, s_name) VALUES (3,'Динамо')
INSERT INTO Stadions (c_id, s_name) VALUES (4,'Центральный стадион')
INSERT INTO Stadions (c_id, s_name) VALUES (5,'Звезда')
INSERT INTO Stadions (c_id, s_name) VALUES (6,'Олимп - 21 Век')
INSERT INTO Stadions (c_id, s_name) VALUES (7,'Кубань')
INSERT INTO Stadions (c_id, s_name) VALUES (8,'Торпедо им. Эдуарда Стрельцова')
INSERT INTO Stadions (c_id, s_name) VALUES (9,'Локомотив')
INSERT INTO Stadions (c_id, s_name) VALUES (10,'Родина')
INSERT INTO Stadions (c_id, s_name) VALUES (11,'Металлург')
INSERT INTO Stadions (c_id, s_name) VALUES (12,'Труд')
INSERT INTO Stadions (c_id, s_name) VALUES (13,'Динамо')
INSERT INTO Stadions (c_id, s_name) VALUES (14,'Учебно-спортивная база "Спартак"')
INSERT INTO Stadions (c_id, s_name) VALUES (15,'им.У.Ахтаева')
INSERT INTO Stadions (c_id, s_name) VALUES (16,'Сатурн')

INSERT INTO Transfers (old_c_id, new_c_id, p_id) VALUES (2,1,1)
INSERT INTO Transfers (old_c_id, new_c_id, p_id) VALUES (10,1,17)